<?xml version="1.0" encoding="UTF-8"?>
<taskInfo version="1.0">
  <info name="api_server" description="Kinetic Request CE API Web Application">http://server:port/kinetic</info>
  <info name="api_username" description="Name of user account that has permission to use the API"></info>
  <info name="api_password" description="Password for the API user" type="encrypted"></info>
  <info name="space_slug" description="Slug of the Space where the User will be created."></info>
  <info name="jdbc_database_id" description="The JDBC Id from the connection string for the database being used. ie. (oracle, sqlserver, postgresql, mysql).">sqlserver</info>
  <info name="jdbc_url_opts" description="Additional JDBC URL connection string options, such as ssl=true&amp;sslmode=verify-full for Postgres."></info>
  <info name="host" description="IP address or hostname of the SQL reporting database server."></info>
  <info name="port" description="Port number the SQL server is listening on."></info>
  <info name="database_name" description="SQL database name used for storing CE submissions."></info>
  <info name="database_identifier_size" description="Max database identifier size. Not required to set for MSSQL, Oracle or PostgreSQL. Default for MSSQL is 128, Oracle 30, and PostgreSQL is 64."></info>
  <info name="user" description="Username used to authenticate to the SQL server. Must have table creation and modification rights."></info>
  <info name="password" description="Password for the SQL user account." type="encrypted"></info>
  <info name="enable_debug_logging" description="Enable debug logging if the value is set to 'Yes'.">No</info>
</taskInfo>