<?xml version="1.0" encoding="UTF-8"?>
<taskDefinition id="kinetic_request_ce_submission_db_bulk_upsert" name="Kinetic Reporting Database Upsert" schema_version="1.0" version="1">
    <author>support@kineticdata.com</author>
    <description>Using the query string for the basis to retrieve submissions, this handler creates/updates the matching submissions in an external database while preventing concurrent executions.</description>
    <helpurl></helpurl>
    <visible>true</visible>
    <deferrable>false</deferrable>
    <parameters>
        <!-- The Error Handling parameter allows the user to choose is execution of the
        handler should be stopped or not when an error occurs -->
        <parameter id="error_handling" label="Error Handling" required="true" tooltip="Determine what to return if an error is encountered." menu="Error Message,Raise Error">Error Message</parameter>
        <parameter id="space_slug" label="Space slug (info value override)" required="false" tooltip=""></parameter>
        <parameter id="updatedat_startdate" label="Updated at start time (ISO8601)" required="true" tooltip=""></parameter>
        <parameter id="updatedat_enddate" label="Updated at end time (ISO8601)" required="true" tooltip=""></parameter>
        <parameter id="page_size" label="Submission page size" required="true" tooltip=""></parameter>
        <parameter id="deferral_token" label="Task deferral token" required="true" tooltip=""></parameter>
        <parameter id="specific_kapp_slug" label="Kapp slug (optional for narrow scope)" required="false" tooltip="Kapp slug. Required if specifying specific form slugs to retrieve submissions from."></parameter>
        <parameter id="specific_form_slugs" label="Form slugs (optional CSV for narrow scope)" required="false" tooltip="Form slugs (comma separated). Required if specifying specific form slugs to retrieve submissions from along with Kapp Slug parameter."></parameter>
        <parameter id="skip_datastore_kapp_table" label="Skip writing Datastore submissions to kapp form" required="false" tooltip="Should writing datastore records to a common kapp form in the SQL database be ignored (submissons are still written to their own table)?" menu="True,False">True</parameter>

    </parameters>
    <handler name="kinetic_request_ce_submission_db_bulk_upsert" version="1">
        <infos>
            <info name="api_password">&lt;%= @info['api_password'] %&gt;</info>
            <info name="api_server">&lt;%= @info['api_server'] %&gt;</info>
            <info name="api_username">&lt;%= @info['api_username'] %&gt;</info>
            <info name="space_slug">&lt;%= @info['space_slug'] %&gt;</info>
            <info name="jdbc_database_id">&lt;%= @info["jdbc_database_id"] %&gt;</info>
            <info name="jdbc_url_opts">&lt;%= @info["jdbc_url_opts"] %&gt;</info>
            <info name="host">&lt;%= @info["host"] %&gt;</info>
            <info name="port">&lt;%= @info["port"] %&gt;</info>
            <info name="database_name">&lt;%= @info["database_name"] %&gt;</info>
            <info name="database_identifier_size">&lt;%= @info["database_identifier_size"] %&gt;</info>
            <info name="user">&lt;%= @info["user"] %&gt;</info>
            <info name="password">&lt;%= @info["password"] %&gt;</info>
            <info name="enable_debug_logging">&lt;%= @info["enable_debug_logging"] %&gt;</info>
        </infos>
        <parameters>
            <parameter name="error_handling">&lt;%= @parameters["error_handling"] %&gt;</parameter>
            <parameter name="space_slug">&lt;%= @parameters["space_slug"] %&gt;</parameter>
            <parameter name="updatedat_startdate">&lt;%= @parameters["updatedat_startdate"] %&gt;</parameter>
            <parameter name="updatedat_enddate">&lt;%= @parameters["updatedat_enddate"] %&gt;</parameter>
            <parameter name="page_size">&lt;%= @parameters["page_size"] %&gt;</parameter>
            <parameter name="deferral_token">&lt;%= @parameters["deferral_token"] %&gt;</parameter>
            <parameter name="specific_kapp_slug">&lt;%= @parameters["specific_kapp_slug"] %&gt;</parameter>
            <parameter name="specific_form_slugs">&lt;%= @parameters["specific_form_slugs"] %&gt;</parameter>
            <parameter name="skip_datastore_kapp_table">&lt;%= @parameters["skip_datastore_kapp_table"] %&gt;</parameter>
        </parameters>
    </handler>
    <results>
        <result name="Submission Database Id" />
        <result name="Handler Error Message" />
    </results>
</taskDefinition>
